Sr No.,Transaction No.,Sender Name,Sender Id,Credit,Debit,Remark,Date,Status
0,1,5,Mirror Trading International,1,0.00014548550133498998,0.0,Roi Income,2020-08-19,Paid
1,2,0,Mirror Trading International,1,7.600782527341e-05,0.0,Roi Income,2020-08-18,Paid
2,3,7,Mirror Trading International,1,0.00013115030084567,0.0,Binary Income,2020-08-15,Paid
3,4,2,Mirror Trading International,1,7.731643407288e-05,0.0,Roi Income,2020-08-15,Paid
4,5,0,Mirror Trading International,1,5.6542910216497e-05,0.0,Roi Income,2020-08-14,Paid
5,6,7,Mirror Trading International,1,5.6542910216497e-05,0.0,Roi Income,2020-08-14,Paid
6,7,9,Mirror Trading International,1,0.00012302972083913,0.0,Roi Income,2020-08-13,Paid
7,8,0,Mirror Trading International,1,0.0001179353678814,0.0,Roi Income,2020-08-12,Paid
8,9,6,Mirror Trading International,1,5.6059164758433994e-05,0.0,Roi Income,2020-08-11,Paid
9,10,0,Mirror Trading International,1,0.00014118421621821,0.0,Binary Income,2020-08-08,Paid
10,11,6,Mirror Trading International,1,0.00011009626214933,0.0,Roi Income,2020-08-08,Paid
11,12,0,Mirror Trading International,1,8.1112553320458e-05,0.0,Roi Income,2020-08-06,Paid
12,13,9,Mirror Trading International,1,6.409029876973e-05,0.0,Roi Income,2020-08-06,Paid
13,14,8,Mirror Trading International,1,0.00016813421589538,0.0,Roi Income,2020-08-06,Paid
14,15,6,Mirror Trading International,16,4.4313155952627e-05,0.0,Roi Income,2020-08-04,Paid
15,16,5,Mirror Trading International,16,0.00018457540368493,0.0,Binary Income,2020-08-01,Paid
16,17,8,Mirror Trading International,1,8.0005287711579e-05,0.0,Roi Income,2020-08-01,Paid
17,18,4,Mirror Trading International,1,0.00015590003043178,0.0,Roi Income,2020-07-31,Paid
18,19,2,Jon,4,0.00430430461,0.0,Fund Transfer,2020-07-30,Paid
19,20,2,Jon,49,0.0,0.00430430461,Fund Transfer,2020-07-30,Paid
20,21,5,Mirror Trading International,123456,0.00012269314821844,0.0,Roi Income,2020-07-30,Paid
21,22,7,Mirror Trading International,123456,0.00017234837373606001,0.0,Roi Income,2020-07-29,Paid
22,23,9,Mirror Trading International,123456,2.2351581699304e-05,0.0,Roi Income,2020-07-27,Paid
23,24,1,Mirror Trading International,123456,6.905515813359e-05,0.0,Binary Income,2020-07-25,Paid
24,25,3,Mirror Trading International,123456,0.00011660259800348,0.0,Roi Income,2020-07-24,Paid
25,26,8,Mirror Trading International,123456,7.9672403826028e-05,0.0,Roi Income,2020-07-23,Paid
26,27,3,Joe,2,0.002155902,0.0,Referral Bonus,2020-07-23,Paid
27,28,5,Jane,3,0.002148709,0.0,Referral Bonus,2020-07-23,Paid
28,29,5,Mirror Trading International,1,0.00011756037286535,0.0,Roi Income,2020-07-22,Paid
29,30,2,Mirror Trading International,1,6.9888645950354e-05,0.0,Roi Income,2020-07-21,Paid
30,31,6,Mirror Trading International,1,9.5588296577436e-05,0.0,Roi Income,2020-07-20,Paid
31,32,1,Mirror Trading International,1,6.2269877903449e-05,0.0,Roi Income,2020-07-17,Paid
32,33,0,Mirror Trading International,1,8.4117783848078e-05,0.0,Roi Income,2020-07-17,Paid
33,34,0,Jon,4,0.0,0.022352,Package Upgrade,2020-07-15,Paid
34,35,51,Jon,4,0.022352,0.0,Payment Approved,2020-07-15,Paid
